,S.No,Symbol,Conf.,Open,High,Low,Close,LTP,Close - LTP,Close - LTP %,VWAP,Vol,Prev. Close,Turnover,Trans.,Diff,Range,Diff %,Range %,VWAP %,120 Days,180 Days,52 Weeks High,52 Weeks Low
0,1,ACLBSL,-,1041.0,1041.0,920.1,935.0,935.0,0.0,0.0,940.22,7057.0,1021.2,6635124.3,133,-86.2,120.9,-8.44,13.14,-0.56,986.55,1019.76,1240.0,900.0
1,2,ADBL,-,305.0,311.1,302.0,302.0,302.0,0.0,0.0,304.46,81577.0,309.1,24837160.0,411,-7.1,9.1,-2.3,3.01,-0.82,307.12,309.69,344.9,272.3
2,3,AHL,-,486.2,495.8,466.0,466.3,466.3,0.0,0.0,473.55,9634.0,486.1,4562166.3,126,-19.8,29.8,-4.07,6.39,-1.55,577.38,595.81,750.0,462.6
3,4,AHPC,-,280.2,280.2,270.6,271.0,271.0,0.0,0.0,275.52,464737.0,285.1,128042728.5,1419,-14.1,9.6,-4.95,3.55,-1.67,281.6,286.28,334.0,246.0
4,5,AKJCL,-,380.7,380.7,356.0,359.6,359.6,0.0,0.0,366.2,712721.0,388.4,260994983.2,1185,-28.8,24.7,-7.42,6.94,-1.83,254.09,239.58,431.8,172.9
5,6,AKPL,-,272.0,272.0,257.9,257.9,257.9,0.0,0.0,261.65,472952.0,271.9,123748516.7,1304,-14.0,14.1,-5.15,5.47,-1.45,257.83,261.05,317.0,221.2
6,7,ALBSL,-,1172.9,1218.0,1109.4,1160.0,1160.0,0.0,0.0,1130.89,25559.0,1196.8,28904306.2,265,-36.8,108.6,-3.07,9.79,2.51,1107.53,1040.03,1334.0,771.0
7,8,ALICL,-,463.8,472.5,437.2,449.9,449.9,0.0,0.0,447.0,83282.0,463.8,37227250.7,397,-13.9,35.3,-3.0,8.07,0.64,468.79,479.84,779.0,430.0
8,9,ANLB,-,6420.1,6450.0,6295.0,6311.0,6311.0,0.0,0.0,6367.03,326.0,6549.8,2075653.2,31,-238.8,155.0,-3.65,2.46,-0.89,6229.36,6040.96,6800.0,5000.0
9,10,API,-,350.5,350.5,324.6,325.0,325.0,0.0,0.0,336.69,979663.0,353.0,329838998.4,2612,-28.0,25.9,-7.93,7.98,-3.6,298.19,298.49,368.9,258.8
10,11,AVYAN,-,1189.0,1198.0,1070.1,1114.0,1114.0,0.0,0.0,1116.35,14422.0,1189.0,16099996.7,268,-75.0,127.9,-6.31,11.95,-0.21,1002.17,1020.85,1366.0,906.0
11,12,BANDIPUR,-,872.0,872.0,799.0,799.0,799.0,0.0,0.0,823.53,107665.0,872.0,88665143.9,1397,-73.0,73.0,-8.37,9.14,-3.07,0.0,0.0,1233.0,285.0
12,13,BARUN,-,346.0,350.0,332.9,334.0,334.0,0.0,0.0,338.38,172225.0,353.0,58276750.1,830,-19.0,17.1,-5.38,5.14,-1.31,340.37,356.27,589.0,292.1
13,14,BBC,-,5024.0,5024.0,4729.5,4837.0,4837.0,0.0,0.0,4790.67,1686.0,5024.0,8077065.5,103,-187.0,294.5,-3.72,6.23,0.96,4888.16,5078.89,6537.0,4480.0
14,15,BEDC,-,470.0,483.5,430.2,430.2,430.2,0.0,0.0,445.15,24011.0,478.0,10688545.8,247,-47.8,53.3,-10.0,12.39,-3.48,557.66,610.61,872.0,430.2
15,16,BFC,-,460.0,465.8,449.0,449.0,449.0,0.0,0.0,454.7,41274.0,467.0,18767464.5,262,-18.0,16.8,-3.85,3.74,-1.27,471.82,482.39,579.9,411.5
16,17,BGWT,-,759.9,759.9,719.0,720.0,720.0,0.0,0.0,730.52,3687.0,750.0,2693423.3,76,-30.0,40.9,-4.0,5.69,-1.46,784.14,834.46,1110.0,719.0
17,18,BHCL,-,560.0,560.0,506.5,515.0,515.0,0.0,0.0,527.91,58923.0,562.0,31106151.4,668,-47.0,53.5,-8.36,10.56,-2.51,519.37,0.0,699.0,292.1
18,19,BHDC,-,477.1,477.1,450.0,450.0,450.0,0.0,0.0,456.34,47508.0,467.8,21679619.1,322,-17.8,27.1,-3.81,6.02,-1.41,502.3,514.96,706.0,426.0
19,20,BHL,-,219.0,219.0,205.0,207.0,207.0,0.0,0.0,209.92,674099.0,219.8,141504186.0,2297,-12.8,14.0,-5.82,6.83,-1.41,194.13,199.49,307.0,164.0
20,21,BHPL,-,554.0,554.0,518.0,525.0,525.0,0.0,0.0,531.34,39973.0,549.9,21239359.3,290,-24.9,36.0,-4.53,6.95,-1.21,613.66,669.44,1308.4,503.1
21,22,BJHL,-,714.0,770.0,714.0,770.0,770.0,0.0,0.0,769.63,3690.0,700.0,2839924.0,369,70.0,56.0,10.0,7.84,0.05,0.0,0.0,770.0,270.1
22,23,BNHC,-,345.0,355.0,325.1,337.0,337.0,0.0,0.0,337.48,57807.0,345.0,19508614.2,387,-8.0,29.9,-2.32,9.2,-0.14,439.42,465.89,613.8,313.1
23,24,BNL,-,15000.0,15000.0,15000.0,15000.0,15000.0,0.0,0.0,15000.0,40.0,15300.0,600000.0,4,-300.0,0.0,-1.96,0.0,0.0,15997.59,16604.76,19060.0,14635.8
24,25,BNT,-,11505.0,11775.0,11300.0,11300.0,11300.0,0.0,0.0,11436.36,495.0,11575.3,5660998.9,29,-275.3,475.0,-2.38,4.2,-1.21,11647.67,11928.49,13550.0,10660.0
25,26,BPCL,-,689.0,690.0,655.0,664.0,664.0,0.0,0.0,664.99,163042.0,690.0,108420880.2,496,-26.0,35.0,-3.77,5.34,-0.15,735.61,777.24,1065.0,397.0
26,27,BUNGAL,-,602.0,602.0,558.0,564.0,564.0,0.0,0.0,578.88,25673.0,612.0,14861712.5,438,-48.0,44.0,-7.84,7.89,-2.64,0.0,0.0,822.0,302.4
27,28,C30MF,-,9.9,10.0,9.86,9.86,9.86,0.0,0.0,9.89,109510.0,10.0,1082872.5,15,-0.14,0.14,-1.4,1.42,-0.29,9.48,9.66,10.71,8.7
28,29,CBBL,-,916.0,916.0,898.0,898.0,898.0,0.0,0.0,905.34,57291.0,922.9,51867613.2,766,-24.9,18.0,-2.7,2.0,-0.82,972.49,983.22,1144.8,822.0
29,30,CBLD88,-,1222.0,1222.0,1198.0,1198.0,1198.0,0.0,0.0,1210.0,50.0,1198.1,60500.0,2,-0.1,24.0,-0.01,2.0,-1.0,1185.84,1172.24,1265.0,1108.0
30,31,CFCL,-,507.0,522.9,486.0,488.9,488.9,0.0,0.0,497.67,25383.0,517.0,12632482.1,209,-28.1,36.9,-5.44,7.59,-1.79,509.8,515.75,624.0,445.1
31,32,CGH,-,815.2,820.0,807.1,809.0,809.0,0.0,0.0,812.14,44669.0,824.0,36277332.1,372,-15.0,12.9,-1.82,1.6,-0.39,872.2,915.61,1150.0,800.2
32,33,CHCL,-,489.0,489.0,473.0,476.0,476.0,0.0,0.0,476.83,57591.0,493.8,27461077.8,515,-17.8,16.0,-3.6,3.38,-0.17,487.55,504.05,599.6,456.0
33,34,CHDC,-,2380.0,2380.0,2280.0,2285.0,2285.0,0.0,0.0,2327.19,102194.0,2416.5,237825206.6,580,-131.5,100.0,-5.44,4.39,-1.85,2361.15,2460.03,2997.9,1990.0
34,35,CHL,-,284.0,284.0,265.0,270.0,270.0,0.0,0.0,272.54,73771.0,285.7,20105533.7,360,-15.7,19.0,-5.5,7.17,-0.94,269.87,284.47,524.2,223.4
35,36,CIT,-,1790.0,1790.0,1746.0,1758.0,1758.0,0.0,0.0,1755.16,19941.0,1796.0,34999593.1,351,-38.0,44.0,-2.12,2.52,0.16,1825.83,1865.65,2168.0,1730.8
36,37,CITY,-,472.0,472.0,452.0,452.0,452.0,0.0,0.0,459.0,18365.0,474.0,8429477.5,253,-22.0,20.0,-4.64,4.42,-1.55,511.02,608.67,998.4,452.0
37,38,CIZBD86,-,1175.0,1175.0,1175.0,1175.0,1175.0,0.0,0.0,1175.0,25.0,1160.0,29375.0,1,15.0,0.0,1.29,0.0,0.0,0.0,0.0,1320.9,1110.0
38,39,CKHL,-,686.0,686.0,637.0,637.0,637.0,0.0,0.0,659.47,5945.0,690.0,3920532.5,64,-53.0,49.0,-7.68,7.69,-3.53,660.12,661.12,804.0,550.0
39,40,CLI,-,461.1,463.9,453.0,454.0,454.0,0.0,0.0,457.23,48556.0,467.1,22201047.6,480,-13.1,10.9,-2.8,2.41,-0.71,472.81,475.26,540.0,411.0
40,41,CMF2,-,10.32,10.32,9.93,9.94,9.94,0.0,0.0,9.99,31550.0,10.13,315196.8,12,-0.19,0.39,-1.88,3.93,-0.51,9.6,9.67,10.86,8.64
41,42,CORBL,-,1768.9,1785.0,1648.4,1649.0,1649.0,0.0,0.0,1695.46,11002.0,1805.0,18653430.6,218,-156.0,136.6,-8.64,8.29,-2.82,1743.82,1891.96,2800.0,1431.0
42,43,CREST,-,1341.5,1341.5,1196.0,1196.0,1196.0,0.0,0.0,1231.19,25520.0,1315.2,31420014.4,460,-119.2,145.5,-9.06,12.17,-2.94,1293.15,1316.28,2458.2,302.5
43,44,CSY,-,9.33,9.4,9.33,9.37,9.37,0.0,0.0,9.35,6200.0,9.5,57990.0,34,-0.13,0.07,-1.37,0.75,0.18,0.0,0.0,10.0,8.87
44,45,CYCL,-,1560.0,1598.0,1530.0,1530.1,1530.1,0.0,0.0,1543.1,6571.0,1590.0,10139736.5,78,-59.9,68.0,-3.77,4.44,-0.85,1566.92,1624.5,2040.0,1462.0
45,46,CZBIL,-,207.0,208.0,198.0,200.0,200.0,0.0,0.0,200.54,177037.0,208.0,35503775.2,541,-8.0,10.0,-3.85,5.05,-0.27,200.22,205.24,240.1,183.0
46,47,DDBL,-,840.1,848.9,821.0,821.0,821.0,0.0,0.0,830.92,29829.0,849.0,24785650.0,217,-28.0,27.9,-3.3,3.4,-1.21,850.63,858.29,1010.0,760.2
47,48,DHEL,-,659.9,660.0,594.0,598.0,598.0,0.0,0.0,615.23,40562.0,659.9,24955061.6,675,-61.9,66.0,-9.38,11.11,-2.88,0.0,0.0,918.9,402.2
48,49,DHPL,-,304.29,306.0,288.0,289.0,289.0,0.0,0.0,296.38,17225.0,307.0,5105154.4,136,-18.0,18.0,-5.86,6.25,-2.55,300.89,308.68,415.0,265.0
49,50,DLBS,-,1300.0,1300.0,1275.0,1275.1,1275.1,0.0,0.0,1279.88,2146.0,1300.0,2746614.3,38,-24.9,25.0,-1.92,1.96,-0.37,1351.8,1399.44,1684.0,1240.0
50,51,DOLTI,-,479.0,479.0,445.0,457.0,457.0,0.0,0.0,455.13,13353.0,479.0,6077349.1,178,-22.0,34.0,-4.59,7.64,0.41,520.01,539.74,689.9,445.0
51,52,DORDI,-,285.3,285.3,272.5,277.0,277.0,0.0,0.0,276.37,177843.0,285.3,49150771.4,732,-8.3,12.8,-2.91,4.7,0.23,266.84,283.45,450.0,213.1
52,53,EBL,-,690.0,692.0,680.0,681.0,681.0,0.0,0.0,683.67,80444.0,692.5,54997263.6,485,-11.5,12.0,-1.66,1.76,-0.39,667.74,677.59,780.6,600.0
53,54,EBLD85,-,1148.0,1148.0,1148.0,1148.0,1148.0,0.0,0.0,1148.0,25.0,1145.0,28700.0,1,3.0,0.0,0.26,0.0,0.0,1158.2,1151.84,1250.0,1102.5
54,55,EBLD86,-,1086.0,1087.0,1086.0,1087.0,1087.0,0.0,0.0,1086.83,150.0,1071.4,163025.0,3,15.6,1.0,1.46,0.09,0.02,1071.45,1060.11,1150.0,1022.0
55,56,EBLD91,-,1085.0,1090.0,1080.0,1085.0,1085.0,0.0,0.0,1085.58,224.0,1089.0,243170.0,6,-4.0,10.0,-0.37,0.93,-0.05,1081.84,0.0,1142.4,994.4
56,57,EDBL,-,582.1,589.0,565.0,574.9,574.9,0.0,0.0,572.7,27735.0,592.0,15883751.5,132,-17.1,24.0,-2.89,4.25,0.38,597.48,603.79,717.3,545.0
57,58,EHPL,-,405.0,411.0,395.0,395.1,395.1,0.0,0.0,401.3,50050.0,411.0,20084849.1,354,-15.9,16.0,-3.87,4.05,-1.57,438.71,488.84,700.0,385.0
58,59,ENL,-,890.9,890.9,852.6,869.5,869.5,0.0,0.0,866.77,3577.0,909.0,3100426.2,62,-39.5,38.3,-4.35,4.49,0.31,927.02,979.1,1289.8,852.6
59,60,FMDBL,-,800.7,810.0,774.3,789.0,789.0,0.0,0.0,790.78,44369.0,817.0,35085975.7,302,-28.0,35.7,-3.43,4.61,-0.23,818.67,826.4,1038.8,718.0
60,61,FOWAD,-,1147.5,1147.5,1065.0,1065.2,1065.2,0.0,0.0,1086.03,14262.0,1125.0,15488906.7,138,-59.8,82.5,-5.32,7.75,-1.96,1092.7,1118.61,1324.4,1012.4
61,62,GBBD85,-,1072.1,1073.1,1072.1,1073.1,1073.1,0.0,0.0,1072.6,50.0,1090.9,53630.0,2,-17.8,1.0,-1.63,0.09,0.05,1081.69,1075.95,1135.0,1020.1
62,63,GBBL,-,412.0,412.0,398.0,400.0,400.0,0.0,0.0,401.22,71901.0,411.0,28848313.2,363,-11.0,14.0,-2.68,3.52,-0.31,399.74,407.07,498.0,367.4
63,64,GBILD86/87,-,1069.6,1099.0,1069.5,1099.0,1099.0,0.0,0.0,1078.27,310.0,1082.2,334263.0,5,16.8,29.5,1.55,2.76,1.89,1069.27,1055.73,1142.0,1016.0
64,65,GBIME,-,235.0,235.0,227.7,229.3,229.3,0.0,0.0,230.0,308041.0,236.3,70850571.8,948,-7.0,7.3,-2.96,3.21,-0.31,233.02,238.37,278.9,213.0
65,66,GBIMESY2,-,9.48,9.8,9.48,9.53,9.53,0.0,0.0,9.54,4850.0,9.65,46264.5,17,-0.12,0.32,-1.24,3.38,-0.1,9.14,0.0,10.18,8.5
66,67,GBLBS,-,768.0,775.0,755.0,758.0,758.0,0.0,0.0,759.48,11461.0,775.0,8704375.6,105,-17.0,20.0,-2.19,2.65,-0.19,797.36,799.03,950.0,698.0
67,68,GCIL,-,430.0,430.0,414.2,414.2,414.2,0.0,0.0,421.77,47234.0,434.0,19922087.4,454,-19.8,15.8,-4.56,3.81,-1.83,435.37,459.75,579.0,400.0
68,69,GFCL,-,636.0,640.2,622.4,626.5,626.5,0.0,0.0,629.36,28121.0,647.0,17698346.7,210,-20.5,17.8,-3.17,2.86,-0.46,623.5,634.65,756.8,528.3
69,70,GHL,-,237.4,237.4,225.1,227.9,227.9,0.0,0.0,229.01,214244.0,237.4,49064324.0,621,-9.5,12.3,-4.0,5.46,-0.49,226.92,234.8,290.0,197.1
70,71,GIBF1,-,11.0,11.0,10.51,10.51,10.51,0.0,0.0,10.78,54322.0,10.8,585796.4,21,-0.29,0.49,-2.69,4.66,-2.6,10.43,10.59,11.68,9.3
71,72,GILB,-,1132.3,1145.0,1105.1,1115.0,1115.0,0.0,0.0,1114.42,3117.0,1154.6,3473650.3,51,-39.6,39.9,-3.43,3.61,0.05,1198.56,1234.87,1441.6,1100.0
72,73,GLBSL,-,1838.5,1869.9,1705.2,1715.0,1715.0,0.0,0.0,1776.6,2820.0,1876.0,5010001.3,105,-161.0,164.7,-8.58,9.66,-3.59,2002.24,2097.71,3232.0,1705.2
73,74,GLH,-,279.0,279.0,256.6,256.8,256.8,0.0,0.0,261.26,192686.0,274.0,50340617.8,780,-17.2,22.4,-6.28,8.73,-1.74,263.55,266.2,328.2,227.4
74,75,GMFBS,-,1340.9,1345.0,1314.0,1325.0,1325.0,0.0,0.0,1328.42,1743.0,1368.2,2315437.3,47,-43.2,31.0,-3.16,2.36,-0.26,1510.29,1539.0,1871.0,1314.0
75,76,GMFIL,-,470.0,479.4,443.0,460.0,460.0,0.0,0.0,461.57,29903.0,479.0,13802222.5,184,-19.0,36.4,-3.97,8.22,-0.34,468.06,476.59,557.0,393.1
76,77,GMLI,-,1617.0,1617.0,1485.0,1485.0,1485.0,0.0,0.0,1502.07,12052.0,1649.9,18102921.9,365,-164.9,132.0,-9.99,8.89,-1.15,1815.36,1929.13,2699.0,1485.0
77,78,GRDBL,-,1073.5,1073.5,1011.6,1011.6,1011.6,0.0,0.0,1028.95,18171.0,1095.4,18697095.8,260,-83.8,61.9,-7.65,6.12,-1.72,1108.68,1162.77,1668.4,944.0
78,79,GSY,-,9.86,9.9,9.68,9.78,9.78,0.0,0.0,9.85,72750.0,9.91,716622.8,27,-0.13,0.22,-1.31,2.27,-0.72,9.26,9.33,10.4,8.7
79,80,GUFL,-,540.0,540.0,516.2,520.0,520.0,0.0,0.0,527.35,24415.0,544.3,12875148.8,178,-24.3,23.8,-4.46,4.61,-1.41,529.48,537.3,644.0,460.6
80,81,GVL,-,486.5,486.5,470.0,473.5,473.5,0.0,0.0,475.95,70113.0,491.0,33370081.5,382,-17.5,16.5,-3.56,3.51,-0.52,511.44,512.36,662.0,424.0
81,82,GWFD83,-,1134.0,1134.0,1134.0,1134.0,1134.0,0.0,0.0,1134.0,200.0,1133.0,226800.0,1,1.0,0.0,0.09,0.0,0.0,1209.86,1216.9,1464.8,1090.0
82,83,H8020,-,11.31,11.4,11.31,11.31,11.31,0.0,0.0,11.32,6500.0,11.4,73560.0,8,-0.09,0.09,-0.79,0.8,-0.06,11.07,11.19,12.21,10.0
83,84,HATHY,-,885.0,895.0,860.6,860.7,860.7,0.0,0.0,876.85,12474.0,901.0,10937842.6,290,-40.3,34.4,-4.47,4.0,-1.88,930.36,1032.36,1469.8,860.6
84,85,HBL,-,205.0,207.0,197.0,198.0,198.0,0.0,0.0,200.61,233747.0,207.5,46893134.5,1675,-9.5,10.0,-4.58,5.08,-1.32,196.67,205.62,261.0,184.0
85,86,HDHPC,-,220.0,220.0,204.0,207.0,207.0,0.0,0.0,210.38,786751.0,220.5,165516600.0,1840,-13.5,16.0,-6.12,7.84,-1.63,192.6,195.56,274.0,162.0
86,87,HDL,-,1161.0,1161.0,1130.0,1139.0,1139.0,0.0,0.0,1141.78,105334.0,1169.8,120268743.0,1501,-30.8,31.0,-2.63,2.74,-0.24,1205.89,1236.82,1556.1,1103.0
87,88,HEI,-,519.5,519.5,509.0,514.0,514.0,0.0,0.0,511.84,22078.0,530.0,11300400.6,93,-16.0,10.5,-3.02,2.06,0.42,511.8,537.65,654.0,458.0
88,89,HEIP,-,323.4,323.4,317.0,317.0,317.0,0.0,0.0,321.27,300.0,329.9,96380.0,2,-12.9,6.4,-3.91,2.02,-1.35,330.27,343.2,398.0,293.1
89,90,HFIN,-,423.1,465.4,423.1,465.4,465.4,0.0,0.0,463.21,960.0,423.1,444682.0,96,42.3,42.3,10.0,10.0,0.47,0.0,0.0,465.4,101.7
90,91,HHL,-,340.0,341.0,326.1,329.7,329.7,0.0,0.0,332.4,71532.0,344.1,23777436.9,428,-14.4,14.9,-4.18,4.57,-0.82,340.97,358.07,511.0,310.7
91,92,HIDCL,-,267.0,270.0,261.0,262.4,262.4,0.0,0.0,264.47,272116.0,272.0,71965691.8,985,-9.6,9.0,-3.53,3.45,-0.79,268.84,277.77,340.0,245.0
92,93,HIDCLP,-,204.3,208.0,196.0,199.9,199.9,0.0,0.0,200.83,809460.0,208.0,162566748.4,1018,-8.1,12.0,-3.89,6.12,-0.47,191.22,198.07,239.0,172.8
93,94,HIMSTAR,-,892.0,892.0,819.0,827.0,827.0,0.0,0.0,848.77,15686.0,910.0,13313874.5,294,-83.0,73.0,-9.12,8.91,-2.63,841.91,0.0,1264.0,252.2
94,95,HLBSL,-,904.6,912.0,885.0,897.0,897.0,0.0,0.0,895.72,13238.0,923.0,11857606.2,79,-26.0,27.0,-2.82,3.05,0.14,922.6,944.27,1100.0,837.0
95,96,HLI,-,358.6,361.0,349.0,349.0,349.0,0.0,0.0,352.7,222790.0,365.9,78577328.8,1143,-16.9,12.0,-4.62,3.44,-1.06,375.9,386.5,464.0,349.0
96,97,HLICF,-,9.32,9.5,9.32,9.32,9.32,0.0,0.0,9.36,7100.0,9.49,66451.0,16,-0.17,0.18,-1.79,1.93,-0.42,0.0,0.0,10.55,8.74
97,98,HPPL,-,386.0,386.0,360.0,380.0,380.0,0.0,0.0,369.85,153612.0,383.0,56812779.7,691,-3.0,26.0,-0.78,7.22,2.67,471.61,488.17,711.0,360.0
98,99,HRL,-,767.4,767.4,704.7,704.7,704.7,0.0,0.0,718.51,811186.0,783.0,582848748.8,7380,-78.3,62.7,-10.0,8.9,-1.96,844.24,886.61,1139.9,704.7
99,100,HURJA,-,270.0,270.0,255.3,256.5,256.5,0.0,0.0,261.89,520171.0,274.0,136225652.8,992,-17.5,14.7,-6.39,5.76,-2.1,240.56,244.06,312.1,204.6
100,101,ICFC,-,635.0,635.0,607.0,611.0,611.0,0.0,0.0,615.17,35709.0,636.0,21967156.9,227,-25.0,28.0,-3.93,4.61,-0.68,647.07,647.76,730.9,555.0
101,102,ICFCD83,-,1116.0,1116.9,1079.1,1100.0,1100.0,0.0,0.0,1093.69,581.0,1095.0,635436.5,19,5.0,37.8,0.46,3.5,0.57,1212.78,1217.28,1368.9,1079.1
102,103,IGI,-,437.0,449.9,421.1,421.1,421.1,0.0,0.0,426.89,25776.0,445.0,11003578.1,191,-23.9,28.8,-5.37,6.84,-1.38,433.14,469.19,600.0,392.0
103,104,IHL,-,490.4,490.4,452.0,460.0,460.0,0.0,0.0,467.61,12562.0,496.9,5874114.8,151,-36.9,38.4,-7.43,8.5,-1.65,542.84,548.99,705.0,452.0
104,105,ILBS,-,975.0,975.0,920.0,938.0,938.0,0.0,0.0,939.37,9837.0,975.0,9240594.2,106,-37.0,55.0,-3.79,5.98,-0.15,1056.16,1044.39,1311.0,795.2
105,106,ILI,-,442.0,442.0,433.0,434.0,434.0,0.0,0.0,435.68,35434.0,446.0,15437835.8,486,-12.0,9.0,-2.69,2.08,-0.39,449.45,451.46,500.0,405.0
106,107,JBBL,-,356.8,360.0,343.0,348.1,348.1,0.0,0.0,351.08,152006.0,364.0,53366619.7,520,-15.9,17.0,-4.37,4.96,-0.86,333.43,337.02,413.0,295.0
107,108,JBLB,-,1295.0,1305.0,1270.0,1273.0,1273.0,0.0,0.0,1283.83,22084.0,1313.0,28352058.0,444,-40.0,35.0,-3.05,2.76,-0.85,1398.19,1403.26,1644.0,1270.0
108,109,JFL,-,415.0,424.0,406.0,406.2,406.2,0.0,0.0,412.73,26345.0,420.0,10873313.3,209,-13.8,18.0,-3.29,4.43,-1.61,433.79,451.75,558.0,395.0
109,110,JHAPA,-,1360.0,1360.0,1260.0,1299.1,1299.1,0.0,0.0,1297.08,9399.0,1382.0,12191262.8,174,-82.9,100.0,-6.0,7.94,0.16,0.0,0.0,1749.0,293.4
110,111,JOSHI,-,284.1,288.0,272.0,272.2,272.2,0.0,0.0,277.57,94092.0,288.2,26117364.8,463,-16.0,16.0,-5.55,5.88,-1.97,304.03,317.34,487.0,254.0
111,112,JSLBB,-,1135.0,1135.0,1107.0,1107.5,1107.5,0.0,0.0,1115.38,1422.0,1152.0,1586074.3,32,-44.5,28.0,-3.86,2.53,-0.71,1176.82,1227.49,1504.0,1059.0
112,113,KBL,-,220.0,220.0,207.9,209.1,209.1,0.0,0.0,212.51,1549535.0,222.0,329291690.2,3054,-12.9,12.1,-5.81,5.82,-1.63,191.23,197.6,256.0,175.5
113,114,KBLPO,-,100.0,100.0,100.0,100.0,100.0,0.0,0.0,100.0,63086.0,100.0,6308600.0,1,0.0,0.0,0.0,0.0,0.0,108.3,115.91,115.0,100.0
114,115,KBSH,-,1630.4,1638.0,1602.4,1638.0,1638.0,0.0,0.0,1627.96,636.0,1663.6,1035380.4,21,-25.6,35.6,-1.54,2.22,0.61,1745.52,1810.32,2280.0,1602.4
115,116,KDBY,-,10.38,10.5,10.38,10.41,10.41,0.0,0.0,10.42,24850.0,10.5,258961.6,37,-0.09,0.12,-0.86,1.16,-0.11,9.62,9.72,10.89,8.67
116,117,KDL,-,867.0,867.0,825.2,830.0,830.0,0.0,0.0,835.78,4253.0,852.0,3554556.8,114,-22.0,41.8,-2.58,5.07,-0.7,892.69,965.41,1212.0,770.0
117,118,KEF,-,9.78,10.05,9.67,9.71,9.71,0.0,0.0,10.02,143628.0,9.78,1439062.54,21,-0.07,0.38,-0.72,3.93,-3.19,9.26,9.35,10.42,8.31
118,119,KKHC,-,261.0,261.0,240.0,241.0,241.0,0.0,0.0,246.63,148400.0,261.0,36599805.9,681,-20.0,21.0,-7.66,8.75,-2.34,250.26,273.26,475.9,208.0
119,120,KMCDB,-,919.5,919.5,861.0,875.0,875.0,0.0,0.0,878.08,10769.0,901.5,9456046.2,102,-26.5,58.5,-2.94,6.79,-0.35,995.85,1018.12,1223.0,861.0
120,121,KPCL,-,503.0,506.1,485.0,485.0,485.0,0.0,0.0,494.73,59983.0,512.0,29675259.2,421,-27.0,21.1,-5.27,4.35,-2.01,549.05,559.03,711.0,485.0
121,122,KSBBL,-,475.1,475.1,455.0,460.0,460.0,0.0,0.0,460.96,104661.0,475.0,48244268.1,323,-15.0,20.1,-3.16,4.42,-0.21,454.95,469.79,588.0,404.1
122,123,KSY,-,9.51,9.75,9.51,9.6,9.6,0.0,0.0,9.68,6000.0,9.58,58070.0,11,0.02,0.24,0.21,2.52,-0.82,9.16,9.29,10.51,8.21
123,124,LBBL,-,479.0,479.0,465.0,467.0,467.0,0.0,0.0,469.4,120753.0,488.0,56681830.4,444,-21.0,14.0,-4.3,3.01,-0.51,480.52,489.1,646.3,376.5
124,125,LBLD86,-,1124.0,1124.0,1124.0,1124.0,1124.0,0.0,0.0,1124.0,10.0,1123.0,11240.0,1,1.0,0.0,0.09,0.0,0.0,1064.1,0.0,1205.0,1085.0
125,126,LEC,-,230.4,231.0,215.1,216.0,216.0,0.0,0.0,221.18,324054.0,234.9,71673584.9,1014,-18.9,15.9,-8.05,7.39,-2.4,211.01,216.39,276.0,180.0
126,127,LICN,-,816.0,825.0,809.0,810.0,810.0,0.0,0.0,815.38,33465.0,832.0,27286637.4,218,-22.0,16.0,-2.64,1.98,-0.66,861.09,872.65,1015.0,773.0
127,128,LLBS,-,990.0,996.0,941.2,949.0,949.0,0.0,0.0,967.2,945.0,980.0,914006.0,27,-31.0,54.8,-3.16,5.82,-1.92,977.23,1015.97,1300.5,865.0
128,129,LSL,-,210.0,212.9,203.1,207.7,207.7,0.0,0.0,207.41,344546.0,214.1,71462047.5,649,-6.4,9.8,-2.99,4.83,0.14,220.92,223.58,252.0,201.0
129,130,LUK,-,9.7,9.88,9.65,9.65,9.65,0.0,0.0,9.75,32140.0,9.79,313211.0,11,-0.14,0.23,-1.43,2.38,-0.99,9.54,9.84,11.97,8.97
130,131,LVF2,-,9.7,9.83,9.7,9.78,9.78,0.0,0.0,9.8,21700.0,9.83,212706.0,11,-0.05,0.13,-0.51,1.34,-0.23,9.38,9.58,11.45,8.76
131,132,MABEL,-,690.0,708.8,654.0,654.0,654.0,0.0,0.0,679.79,18594.0,700.0,12639992.9,289,-46.0,54.8,-6.57,8.38,-3.94,0.0,0.0,927.0,317.7
132,133,MAKAR,-,503.0,503.0,470.0,473.0,473.0,0.0,0.0,483.33,13633.0,503.1,6589188.3,146,-30.1,33.0,-5.98,7.02,-2.18,554.85,577.08,802.0,470.0
133,134,MANDU,-,810.0,810.0,790.0,791.0,791.0,0.0,0.0,797.48,8787.0,825.0,7007413.4,94,-34.0,20.0,-4.12,2.53,-0.82,813.98,836.84,970.0,766.5
134,135,MATRI,-,960.0,960.0,917.1,925.0,925.0,0.0,0.0,929.48,4456.0,951.1,4141753.0,61,-26.1,42.9,-2.74,4.68,-0.48,979.14,1042.3,1347.0,904.0
135,136,MBJC,-,288.0,288.9,280.1,280.2,280.2,0.0,0.0,284.14,88605.0,292.0,25176157.4,497,-11.8,8.8,-4.04,3.14,-1.41,290.32,300.1,371.0,270.0
136,137,MBL,-,243.1,247.9,237.1,240.5,240.5,0.0,0.0,241.94,336129.0,248.0,81324625.7,568,-7.5,10.8,-3.02,4.56,-0.6,227.57,232.25,284.0,205.0
137,138,MBLEF,-,10.14,10.44,10.14,10.14,10.14,0.0,0.0,10.17,13350.0,10.25,135725.0,18,-0.11,0.3,-1.07,2.96,-0.26,9.53,9.4,10.8,8.59
138,139,MCHL,-,389.0,390.0,355.5,369.9,369.9,0.0,0.0,374.74,4298.0,389.0,1610652.9,84,-19.1,34.5,-4.91,9.7,-1.31,457.44,484.94,641.0,355.5
139,140,MDB,-,615.0,615.0,591.2,597.9,597.9,0.0,0.0,596.29,19818.0,617.0,11817321.2,137,-19.1,23.8,-3.1,4.03,0.27,603.7,611.05,729.7,530.5
140,141,MEHL,-,428.0,428.0,402.0,405.0,405.0,0.0,0.0,417.52,22711.0,434.0,9482220.1,185,-29.0,26.0,-6.68,6.47,-3.09,437.9,439.39,560.0,372.4
141,142,MEL,-,272.0,272.0,260.8,262.9,262.9,0.0,0.0,266.71,44617.0,275.0,11899921.1,374,-12.1,11.2,-4.4,4.29,-1.45,284.04,292.83,350.0,255.0
142,143,MEN,-,592.0,592.0,565.0,568.0,568.0,0.0,0.0,570.95,160183.0,589.9,91456611.2,872,-21.9,27.0,-3.71,4.78,-0.52,602.6,609.73,683.4,535.0
143,144,MERO,-,730.0,735.0,706.1,716.9,716.9,0.0,0.0,717.72,19657.0,735.0,14108272.4,208,-18.1,28.9,-2.46,4.09,-0.11,759.88,781.38,1000.0,668.0
144,145,MFIL,-,769.4,782.0,750.2,770.0,770.0,0.0,0.0,766.22,129771.0,785.1,99432663.9,359,-15.1,31.8,-1.92,4.24,0.49,711.33,689.7,938.0,545.0
145,146,MHCL,-,352.0,354.0,338.1,339.0,339.0,0.0,0.0,342.83,20201.0,358.0,6925495.1,223,-19.0,15.9,-5.31,4.7,-1.13,392.39,412.38,543.9,325.0
146,147,MHL,-,513.0,523.0,494.4,499.9,499.9,0.0,0.0,506.78,35916.0,522.7,18201528.1,185,-22.8,28.6,-4.36,5.78,-1.38,501.51,526.78,725.0,445.0
147,148,MHNL,-,270.5,270.5,255.0,258.8,258.8,0.0,0.0,259.62,42856.0,269.5,11126438.0,217,-10.7,15.5,-3.97,6.08,-0.32,259.47,263.6,324.0,226.0
148,149,MKCL,-,1340.0,1366.7,1318.0,1334.0,1334.0,0.0,0.0,1339.18,6013.0,1355.0,8052497.6,158,-21.0,48.7,-1.55,3.69,-0.39,1413.31,1466.42,1900.0,1318.0
149,150,MKHC,-,325.3,328.9,313.0,314.0,314.0,0.0,0.0,319.63,35396.0,331.9,11313501.3,251,-17.9,15.9,-5.39,5.08,-1.79,362.59,387.84,537.5,310.7
150,151,MKHL,-,742.0,742.3,701.5,703.0,703.0,0.0,0.0,717.63,4039.0,756.3,2898505.1,74,-53.3,40.8,-7.05,5.82,-2.08,791.29,800.18,1027.0,652.0
151,152,MKJC,-,505.1,516.5,486.2,492.0,492.0,0.0,0.0,495.57,33067.0,514.9,16387140.1,226,-22.9,30.3,-4.45,6.23,-0.73,543.22,544.61,635.0,475.5
152,153,MLBBL,-,1285.0,1310.0,1240.5,1250.0,1250.0,0.0,0.0,1261.24,6542.0,1291.0,8251055.0,117,-41.0,69.5,-3.18,5.6,-0.9,1422.72,1458.39,1690.0,1240.5
153,154,MLBL,-,371.6,375.0,358.0,360.0,360.0,0.0,0.0,363.94,118965.0,378.0,43296234.3,437,-18.0,17.0,-4.76,4.75,-1.09,378.6,386.07,468.6,348.9
154,155,MLBS,-,1430.0,1430.0,1366.0,1367.0,1367.0,0.0,0.0,1379.73,2395.0,1441.0,3304452.5,51,-74.0,64.0,-5.14,4.69,-0.93,1491.52,1531.96,1900.0,1366.0
155,156,MLBSL,-,1842.0,1842.0,1765.0,1772.0,1772.0,0.0,0.0,1804.76,2622.0,1859.5,4732081.8,78,-87.5,77.0,-4.71,4.36,-1.85,1976.29,2059.46,2435.5,1765.0
156,157,MMF1,-,9.38,9.48,9.13,9.47,9.47,0.0,0.0,9.27,33515.0,9.57,310605.2,37,-0.1,0.35,-1.04,3.83,2.14,8.93,9.03,10.09,8.22
157,158,MMKJL,-,540.0,543.0,525.0,525.0,525.0,0.0,0.0,529.86,8586.0,548.8,4549336.2,101,-23.8,18.0,-4.34,3.43,-0.92,594.91,591.84,722.0,525.0
158,159,MNBBL,-,375.0,375.0,363.0,364.0,364.0,0.0,0.0,366.13,88150.0,374.9,32274419.7,564,-10.9,12.0,-2.91,3.31,-0.59,375.54,388.72,503.0,340.1
159,160,MNMF1,-,9.66,10.04,9.66,9.85,9.85,0.0,0.0,9.94,178510.0,9.85,1774576.0,34,0.0,0.38,0.0,3.93,-0.92,9.23,9.25,10.27,8.53
160,161,MPFL,-,627.0,627.0,588.0,588.0,588.0,0.0,0.0,604.52,33251.0,627.0,20100931.9,267,-39.0,39.0,-6.22,6.63,-2.81,598.94,603.91,744.0,491.0
161,162,MSHL,-,757.0,757.0,728.0,740.0,740.0,0.0,0.0,744.08,2042.0,762.0,1519412.0,38,-22.0,29.0,-2.89,3.98,-0.55,860.13,871.5,979.0,728.0
162,163,MSLB,-,1260.1,1286.2,1240.0,1241.0,1241.0,0.0,0.0,1258.65,1455.0,1285.0,1831333.1,68,-44.0,46.2,-3.42,3.73,-1.42,1362.68,1362.91,1710.0,1130.2
163,164,NABBC,-,1288.7,1313.0,1183.5,1183.5,1183.5,0.0,0.0,1190.64,33481.0,1315.0,39863839.4,224,-131.5,129.5,-10.0,10.94,-0.6,1163.57,1282.58,1917.0,662.0
164,165,NABIL,-,510.0,518.0,499.8,505.3,505.3,0.0,0.0,509.39,103324.0,517.5,52632630.3,1093,-12.2,18.2,-2.36,3.64,-0.81,507.39,510.49,562.0,471.0
165,166,NABILD2089,-,1053.0,1053.0,1051.0,1051.0,1051.0,0.0,0.0,1051.75,80.0,1051.0,84140.0,3,0.0,2.0,0.0,0.19,-0.07,0.0,0.0,1125.0,1000.0
166,167,NABILD87,-,1145.0,1145.0,1145.0,1145.0,1145.0,0.0,0.0,1145.0,25.0,1142.0,28625.0,1,3.0,0.0,0.26,0.0,0.0,1091.17,1067.44,1180.0,1040.0
167,168,NADEP,-,768.0,770.0,725.6,743.0,743.0,0.0,0.0,746.4,4988.0,783.0,3723033.5,84,-40.0,44.4,-5.11,6.12,-0.46,784.65,814.84,1046.0,696.0
168,169,NBF2,-,9.78,10.28,9.78,10.05,10.05,0.0,0.0,10.06,78180.0,9.91,786555.2,34,0.14,0.5,1.41,5.11,-0.11,9.57,9.79,11.1,8.89
169,170,NBF3,-,9.85,9.85,9.63,9.8,9.8,0.0,0.0,9.72,41600.0,9.86,404351.4,24,-0.06,0.22,-0.61,2.28,0.82,9.33,9.55,10.67,8.35
170,171,NBL,-,275.0,275.0,254.0,257.0,257.0,0.0,0.0,257.9,210212.0,269.7,54212964.3,752,-12.7,21.0,-4.71,8.27,-0.35,248.23,255.47,313.0,225.4
171,172,NBLD85,-,1163.7,1163.7,1075.0,1075.0,1075.0,0.0,0.0,1118.68,125.0,1187.0,139835.0,5,-112.0,88.7,-9.44,8.25,-4.06,1042.24,1032.58,1187.0,1010.5
172,173,NESDO,-,1575.0,1580.0,1507.0,1537.0,1537.0,0.0,0.0,1539.25,5377.0,1585.0,8276562.6,59,-48.0,73.0,-3.03,4.84,-0.15,1526.58,1563.54,1879.0,1380.1
173,174,NFS,-,608.0,619.0,590.0,590.0,590.0,0.0,0.0,605.56,39752.0,617.0,24072065.3,398,-27.0,29.0,-4.38,4.92,-2.64,641.96,659.5,851.0,576.0
174,175,NGPL,-,455.0,459.0,437.0,437.0,437.0,0.0,0.0,443.06,949330.0,462.0,420605884.7,1937,-25.0,22.0,-5.41,5.03,-1.39,407.71,407.53,502.0,259.7
175,176,NHDL,-,633.0,644.5,620.0,620.0,620.0,0.0,0.0,626.49,9076.0,640.0,5686036.95,108,-20.0,24.5,-3.13,3.95,-1.05,678.23,686.61,881.0,620.0
176,177,NHPC,-,277.0,277.0,249.2,251.0,251.0,0.0,0.0,255.84,1437001.0,276.8,367636542.4,2929,-25.8,27.8,-9.32,11.16,-1.93,212.6,213.42,328.7,178.6
177,178,NIBD84,-,1053.0,1053.0,1053.0,1053.0,1053.0,0.0,0.0,1053.0,25.0,1052.0,26325.0,1,1.0,0.0,0.1,0.0,0.0,1048.35,1042.83,1130.0,1013.1
178,179,NIBLGF,-,9.6,9.84,9.41,9.84,9.84,0.0,0.0,9.74,3800.0,9.69,37022.0,11,0.15,0.43,1.55,4.57,0.99,9.01,9.07,11.35,7.84
179,180,NIBLSTF,-,9.32,9.32,9.16,9.16,9.16,0.0,0.0,9.31,11000.0,9.33,102360.0,13,-0.17,0.16,-1.82,1.75,-1.59,8.79,8.77,10.85,7.85
180,181,NIBSF2,-,9.7,9.7,9.32,9.5,9.5,0.0,0.0,9.56,9400.0,9.58,89902.5,12,-0.08,0.38,-0.84,4.08,-0.67,8.82,8.81,10.52,8.06
181,182,NICA,-,371.0,371.0,352.1,353.0,353.0,0.0,0.0,360.7,302502.0,376.9,109112849.9,846,-23.9,18.9,-6.34,5.37,-2.18,333.17,344.37,428.4,304.5
182,183,NICAD2091,-,1042.0,1042.0,1041.1,1041.1,1041.1,0.0,0.0,1041.25,30.0,1042.0,31237.5,2,-0.9,0.9,-0.09,0.09,-0.01,0.0,0.0,1102.6,1005.2
183,184,NICAD85/86,-,1124.0,1124.0,1124.0,1124.0,1124.0,0.0,0.0,1124.0,25.0,1122.0,28100.0,1,2.0,0.0,0.18,0.0,0.0,1104.28,0.0,1190.0,1060.0
184,185,NICBF,-,9.2,9.75,8.45,9.6,9.6,0.0,0.0,8.68,101838.0,9.38,884342.18,27,0.22,1.3,2.35,15.38,9.54,9.27,9.32,11.2,8.45
185,186,NICFC,-,9.15,9.47,9.15,9.33,9.33,0.0,0.0,9.33,18819.0,9.3,175584.93,28,0.03,0.32,0.32,3.5,0.0,9.05,9.21,10.4,8.37
186,187,NICGF2,-,9.17,9.21,9.17,9.18,9.18,0.0,0.0,9.2,11580.0,9.35,106570.0,17,-0.17,0.04,-1.82,0.44,-0.25,9.0,8.98,9.99,8.33
187,188,NICL,-,500.0,502.5,487.1,487.9,487.9,0.0,0.0,494.52,35428.0,509.0,17519800.2,251,-21.1,15.4,-4.15,3.16,-1.36,517.41,555.81,837.0,483.0
188,189,NICLBSL,-,597.0,597.0,563.0,563.0,563.0,0.0,0.0,573.23,29634.0,595.0,16987043.9,285,-32.0,34.0,-5.38,6.04,-1.82,569.75,596.49,764.0,535.0
189,190,NICSF,-,9.22,9.3,9.04,9.11,9.11,0.0,0.0,9.18,22300.0,9.4,204817.92,17,-0.29,0.26,-3.09,2.88,-0.82,8.88,9.02,9.99,8.04
190,191,NIFRA,-,265.0,265.0,257.0,258.0,258.0,0.0,0.0,259.94,318047.0,266.0,82673954.1,1466,-8.0,8.0,-3.01,3.11,-0.75,269.65,274.54,328.1,249.9
191,192,NIFRAGED,-,1029.6,1029.6,1029.3,1050.0,1050.0,0.0,0.0,1029.85,51.0,1049.0,52522.5,3,1.0,0.3,0.1,0.03,1.92,1020.19,0.0,1137.2,948.0
192,193,NIL,-,623.1,625.1,600.0,616.0,616.0,0.0,0.0,615.14,16101.0,635.0,9904392.8,140,-19.0,25.1,-2.99,4.18,0.14,620.19,649.05,783.9,562.0
193,194,NIMB,-,202.8,205.0,198.9,199.0,199.0,0.0,0.0,200.6,279967.0,206.9,56160683.0,886,-7.9,6.1,-3.82,3.07,-0.8,198.51,205.21,247.0,184.2
194,195,NIMBPO,-,163.9,163.9,157.0,157.0,157.0,0.0,0.0,157.39,10586.0,161.9,1666130.0,17,-4.9,6.9,-3.03,4.39,-0.25,160.13,161.85,184.5,150.0
195,196,NLG,-,642.0,648.8,612.0,615.0,615.0,0.0,0.0,624.8,35987.0,654.6,22484641.2,333,-39.6,36.8,-6.05,6.01,-1.59,697.85,738.38,976.2,612.0
196,197,NLIC,-,771.0,779.0,754.6,755.0,755.0,0.0,0.0,766.03,89336.0,785.0,68433927.6,593,-30.0,24.4,-3.82,3.23,-1.46,789.8,787.81,890.0,702.0
197,198,NLICL,-,585.0,587.0,576.0,580.0,580.0,0.0,0.0,579.18,32128.0,590.0,18607771.5,175,-10.0,11.0,-1.69,1.91,0.14,597.9,603.45,691.0,539.0
198,199,NMB,-,249.0,249.0,239.5,240.0,240.0,0.0,0.0,242.2,88847.0,249.0,21518332.0,288,-9.0,9.5,-3.61,3.97,-0.91,243.93,247.22,283.0,231.0
199,200,NMB50,-,10.31,10.42,10.22,10.24,10.24,0.0,0.0,10.26,12800.0,10.44,131288.0,13,-0.2,0.2,-1.92,1.96,-0.16,10.33,10.53,11.93,9.75
200,201,NMBHF2,-,9.63,9.98,9.47,9.8,9.8,0.0,0.0,9.67,9601.0,9.63,92880.5,29,0.17,0.51,1.77,5.39,1.29,9.25,9.14,10.2,8.16
201,202,NMBMF,-,669.0,669.0,634.5,637.3,637.3,0.0,0.0,643.04,7973.0,674.0,5126934.8,84,-36.7,34.5,-5.45,5.44,-0.9,680.94,695.11,835.0,596.0
202,203,NMFBS,-,1137.0,1142.0,1114.0,1114.0,1114.0,0.0,0.0,1118.81,8272.0,1160.0,9254770.7,128,-46.0,28.0,-3.97,2.51,-0.43,1217.69,1250.42,1504.0,1086.0
203,204,NMIC,-,1208.0,1208.0,1100.0,1107.0,1107.0,0.0,0.0,1139.83,18078.0,1208.0,20605856.1,530,-101.0,108.0,-8.36,9.82,-2.97,1289.57,1384.23,2703.3,302.3
204,205,NMLBBL,-,614.1,618.8,605.0,605.2,605.2,0.0,0.0,610.85,17818.0,622.0,10884159.7,177,-16.8,13.8,-2.7,2.28,-0.93,641.12,656.81,807.0,600.0
205,206,NRIC,-,1050.0,1060.0,963.9,968.0,968.0,0.0,0.0,990.54,203378.0,1071.0,201453362.6,2311,-103.0,96.1,-9.62,9.97,-2.33,1305.09,1347.58,1842.0,963.9
206,207,NRM,-,417.0,417.0,391.0,400.0,400.0,0.0,0.0,402.78,48297.0,419.0,19453267.8,405,-19.0,26.0,-4.53,6.65,-0.7,430.0,446.01,590.0,390.1
207,208,NRN,-,1550.0,1550.0,1481.0,1488.0,1488.0,0.0,0.0,1503.76,229379.0,1575.0,344930359.8,1448,-87.0,69.0,-5.52,4.66,-1.06,1659.77,1835.46,2444.0,1327.0
208,209,NSIF2,-,10.88,10.88,10.5,10.5,10.5,0.0,0.0,10.64,400.0,11.1,4255.0,4,-0.6,0.38,-5.41,3.62,-1.31,10.38,10.61,11.93,9.75
209,210,NSY,-,9.32,9.5,9.32,9.41,9.41,0.0,0.0,9.46,21200.0,9.5,200461.0,49,-0.09,0.18,-0.95,1.93,-0.49,0.0,0.0,10.19,9.24
210,211,NTC,-,883.3,883.3,854.2,858.5,858.5,0.0,0.0,860.24,17865.0,866.0,15368254.1,376,-7.5,29.1,-0.87,3.41,-0.2,864.39,864.73,942.5,762.5
211,212,NUBL,-,685.0,695.0,660.0,671.0,671.0,0.0,0.0,671.69,12577.0,691.1,8447804.3,154,-20.1,35.0,-2.91,5.3,-0.1,730.04,736.36,854.4,650.0
212,213,NWCL,-,803.6,817.5,755.0,769.0,769.0,0.0,0.0,777.34,7315.0,803.6,5686219.7,148,-34.6,62.5,-4.31,8.28,-1.08,843.33,864.03,1045.0,740.2
213,214,NYADI,-,404.0,408.0,390.2,391.1,391.1,0.0,0.0,397.96,19091.0,411.9,7597448.6,180,-20.8,17.8,-5.05,4.56,-1.75,402.05,415.87,644.5,354.0
214,215,OHL,-,705.0,705.0,675.0,675.0,675.0,0.0,0.0,688.32,8994.0,712.4,6190711.6,104,-37.4,30.0,-5.25,4.44,-1.97,714.09,770.41,1049.5,633.1
215,216,OMPL,-,1252.0,1252.0,1180.1,1189.9,1189.9,0.0,0.0,1208.29,14478.0,1265.0,17493590.2,317,-75.1,71.9,-5.94,6.09,-1.55,1271.51,1315.61,2167.2,270.0
216,217,PBD84,-,1145.0,1145.0,1145.0,1145.0,1145.0,0.0,0.0,1145.0,75.0,1145.0,85875.0,2,0.0,0.0,0.0,0.0,0.0,1097.39,0.0,1182.0,1066.0
217,218,PBD88,-,1200.0,1200.0,1200.0,1200.0,1200.0,0.0,0.0,1200.0,25.0,1192.0,30000.0,2,8.0,0.0,0.67,0.0,0.0,1182.44,1169.78,1274.0,1099.7
218,219,PBLD84,-,1136.0,1136.0,1136.0,1136.0,1136.0,0.0,0.0,1136.0,50.0,1158.4,56800.0,1,-22.4,0.0,-1.93,0.0,0.0,1106.0,1094.81,1158.4,1062.1
219,220,PBLD87,-,1109.0,1109.0,1109.0,1109.0,1109.0,0.0,0.0,1109.0,120.0,1088.0,133080.0,2,21.0,0.0,1.93,0.0,0.0,1062.98,1041.47,1147.0,1021.3
220,221,PCBL,-,240.0,242.0,235.2,238.0,238.0,0.0,0.0,237.8,130743.0,244.0,31091135.6,471,-6.0,6.8,-2.46,2.89,0.08,245.36,249.25,290.0,226.0
221,222,PFL,-,386.0,390.0,365.0,369.0,369.0,0.0,0.0,376.7,29162.0,392.2,10985426.0,249,-23.2,25.0,-5.92,6.85,-2.09,383.23,394.21,475.5,352.8
222,223,PHCL,-,306.1,310.0,290.0,292.0,292.0,0.0,0.0,298.18,223409.0,311.0,66615714.8,996,-19.0,20.0,-6.11,6.9,-2.12,315.49,377.65,649.0,249.7
223,224,PMHPL,-,343.0,346.0,325.5,333.0,333.0,0.0,0.0,333.92,41966.0,350.0,14013293.6,237,-17.0,20.5,-4.86,6.3,-0.28,340.92,358.13,468.0,283.5
224,225,PMLI,-,472.0,476.9,460.0,462.1,462.1,0.0,0.0,463.97,23185.0,480.3,10757105.4,286,-18.2,16.9,-3.79,3.67,-0.4,494.73,501.67,589.6,445.0
225,226,PPCL,-,400.3,400.3,370.1,370.1,370.1,0.0,0.0,380.79,111491.0,392.5,42454127.4,237,-22.4,30.2,-5.71,8.16,-2.89,352.88,354.5,462.0,284.1
226,227,PPL,-,368.0,368.0,336.4,341.0,341.0,0.0,0.0,343.12,92607.0,361.0,31774954.1,444,-20.0,31.6,-5.54,9.39,-0.62,346.09,361.22,538.2,263.2
227,228,PRIN,-,717.0,724.0,700.0,701.0,701.0,0.0,0.0,709.08,22762.0,722.6,16140149.2,224,-21.6,24.0,-2.99,3.43,-1.15,699.65,745.13,960.3,630.0
228,229,PROFL,-,446.6,446.6,429.0,435.0,435.0,0.0,0.0,438.05,25230.0,455.0,11052013.3,188,-20.0,17.6,-4.4,4.1,-0.7,467.94,481.65,589.2,421.4
229,230,PRSF,-,11.98,11.98,11.52,11.9,11.9,0.0,0.0,11.79,252269.0,11.96,2975106.75,24,-0.06,0.46,-0.5,3.99,0.9,10.83,10.98,12.3,9.85
230,231,PRVU,-,210.0,210.0,195.0,198.0,198.0,0.0,0.0,200.05,414277.0,206.2,82877634.1,1291,-8.2,15.0,-3.98,7.69,-1.04,194.83,202.03,250.9,179.9
231,232,PSF,-,11.58,12.03,11.5,12.03,12.03,0.0,0.0,11.54,33450.0,11.8,386076.0,22,0.23,0.53,1.95,4.61,4.06,10.79,10.95,12.4,9.91
232,233,PURE,-,918.3,930.0,843.4,843.4,843.4,0.0,0.0,872.5,20350.0,937.0,17755311.2,304,-93.6,86.6,-9.99,10.27,-3.45,928.19,922.07,1327.9,289.3
233,234,RADHI,-,805.0,811.0,771.0,776.0,776.0,0.0,0.0,786.0,296038.0,821.0,232685781.3,789,-45.0,40.0,-5.48,5.19,-1.29,783.6,787.75,940.0,433.0
234,235,RAWA,-,703.0,703.0,653.0,659.0,659.0,0.0,0.0,666.91,1709.0,690.0,1139743.0,44,-31.0,50.0,-4.49,7.66,-1.2,728.36,749.21,913.8,653.0
235,236,RBBD2088,-,1056.5,1056.5,1056.5,1056.5,1056.5,0.0,0.0,1056.5,50.0,1078.0,52825.0,1,-21.5,0.0,-1.99,0.0,0.0,0.0,0.0,1100.0,967.6
236,237,RBBF40,-,9.34,9.6,9.34,9.6,9.6,0.0,0.0,9.48,6650.0,9.51,63046.68,25,0.09,0.26,0.95,2.78,1.24,0.0,0.0,10.2,8.98
237,238,RBCL,-,15150.0,15150.0,14651.0,14651.0,14651.0,0.0,0.0,14806.54,260.0,15415.0,3849701.0,16,-764.0,499.0,-4.96,3.41,-1.06,15081.74,15129.31,16900.0,14350.0
238,239,RBCLPO,-,12465.6,12465.6,11732.6,11732.6,11732.6,0.0,0.0,11975.07,70.0,12720.0,838255.0,6,-987.4,733.0,-7.76,6.25,-2.07,12201.76,12141.74,13530.0,11100.0
239,240,RFPL,-,388.0,390.0,358.0,359.0,359.0,0.0,0.0,366.97,168397.0,388.0,61797328.0,693,-29.0,32.0,-7.47,8.94,-2.22,376.89,437.01,785.0,306.0
240,241,RHGCL,-,298.0,298.0,277.7,278.0,278.0,0.0,0.0,285.18,88839.0,303.9,25335165.5,415,-25.9,20.3,-8.52,7.31,-2.58,269.18,290.63,601.0,217.2
241,242,RHPL,-,286.2,293.6,273.0,274.6,274.6,0.0,0.0,279.52,79919.0,292.0,22338889.3,427,-17.4,20.6,-5.96,7.55,-1.79,281.12,302.91,457.0,252.3
242,243,RIDI,-,341.0,341.0,315.0,316.0,316.0,0.0,0.0,324.28,953928.0,347.9,309336913.1,2132,-31.9,26.0,-9.17,8.25,-2.62,257.7,258.8,393.0,203.5
243,244,RLEL,-,492.7,531.4,492.7,531.4,531.4,0.0,0.0,529.24,440.0,483.1,232864.0,44,48.3,38.7,10.0,7.85,0.41,0.0,0.0,531.4,300.0
244,245,RLFL,-,439.1,454.0,423.0,425.0,425.0,0.0,0.0,431.66,33540.0,448.0,14477929.4,213,-23.0,31.0,-5.13,7.33,-1.57,444.09,459.26,558.0,398.0
245,246,RMF1,-,9.75,10.13,9.6,9.61,9.61,0.0,0.0,10.03,128800.0,9.75,1291803.0,19,-0.14,0.53,-1.44,5.52,-4.37,9.35,9.54,11.4,8.65
246,247,RMF2,-,10.1,10.1,9.91,9.91,9.91,0.0,0.0,10.01,400.0,10.3,4002.0,3,-0.39,0.19,-3.79,1.92,-0.96,9.48,9.64,10.58,8.78
247,248,RNLI,-,461.1,464.0,453.0,454.0,454.0,0.0,0.0,456.86,45889.0,469.0,20964814.6,516,-15.0,11.0,-3.2,2.43,-0.63,472.38,472.38,561.0,416.0
248,249,RSDC,-,683.0,687.0,672.0,672.0,672.0,0.0,0.0,679.66,45735.0,696.0,31084040.4,193,-24.0,15.0,-3.45,2.23,-1.14,651.86,670.14,880.0,578.7
249,250,RSML,-,3306.7,3566.0,3306.7,3566.0,3566.0,0.0,0.0,3560.21,18487.0,3241.9,65817675.0,547,324.1,259.3,10.0,7.84,0.16,0.0,0.0,3566.0,300.0
250,251,RSY,-,10.0,10.15,10.0,10.05,10.05,0.0,0.0,10.01,4000.0,10.15,40030.0,20,-0.1,0.15,-0.99,1.5,0.42,9.47,0.0,10.7,8.58
251,252,RURU,-,650.0,660.0,631.0,636.0,636.0,0.0,0.0,642.71,19672.0,663.0,12643473.8,170,-27.0,29.0,-4.07,4.6,-1.06,703.77,715.36,853.0,631.0
252,253,SABBL,-,1540.0,1550.0,1432.0,1435.0,1435.0,0.0,0.0,1474.74,52652.0,1540.0,77648107.0,1782,-105.0,118.0,-6.82,8.24,-2.77,0.0,0.0,2000.0,300.0
253,254,SADBL,-,420.0,420.0,410.0,412.0,412.0,0.0,0.0,414.09,87960.0,426.8,36423035.7,268,-14.8,10.0,-3.47,2.44,-0.51,410.43,418.65,526.5,376.0
254,255,SAGAR,-,1864.0,1864.0,1712.1,1729.0,1729.0,0.0,0.0,1765.25,32297.0,1902.0,57012399.3,606,-173.0,151.9,-9.1,8.87,-2.1,0.0,0.0,2439.0,319.5
255,256,SAGF,-,10.05,10.3,10.05,10.1,10.1,0.0,0.0,10.06,14500.0,10.15,145915.0,10,-0.05,0.25,-0.49,2.49,0.37,9.68,9.84,11.31,8.79
256,257,SAHAS,-,637.5,637.5,600.5,604.0,604.0,0.0,0.0,607.45,257088.0,625.0,156166909.8,1617,-21.0,37.0,-3.36,6.16,-0.57,594.48,604.27,705.0,494.8
257,258,SAIL,-,1274.0,1274.0,1170.0,1178.8,1178.8,0.0,0.0,1199.0,46569.0,1300.0,55836317.2,977,-121.2,104.0,-9.32,8.89,-1.71,0.0,0.0,1690.0,301.7
258,259,SALICO,-,601.2,612.8,595.0,595.5,595.5,0.0,0.0,599.07,7971.0,613.0,4775207.8,52,-17.5,17.8,-2.85,2.99,-0.6,605.86,636.38,765.9,570.1
259,260,SANIMA,-,340.0,346.8,333.5,337.0,337.0,0.0,0.0,337.59,136480.0,346.0,46073929.7,475,-9.0,13.3,-2.6,3.99,-0.17,328.44,336.68,391.0,295.0
260,261,SANVI,-,742.0,742.0,680.9,680.9,680.9,0.0,0.0,703.41,58704.0,756.5,41293243.9,581,-75.6,61.1,-9.99,8.97,-3.31,718.49,0.0,1060.0,359.0
261,262,SAPDBL,-,931.6,931.6,855.6,855.6,855.6,0.0,0.0,867.64,49649.0,950.6,43077248.7,478,-95.0,76.0,-9.99,8.88,-1.41,839.21,880.37,1284.0,686.0
262,263,SARBTM,-,856.3,856.3,831.0,838.0,838.0,0.0,0.0,835.37,32922.0,856.3,27502155.8,262,-18.3,25.3,-2.14,3.04,0.31,879.47,884.36,1048.0,770.0
263,264,SBCF,-,9.41,9.5,9.41,9.47,9.47,0.0,0.0,9.48,2330.0,9.54,22095.1,6,-0.07,0.09,-0.73,0.96,-0.14,9.27,9.49,12.03,8.82
264,265,SBI,-,402.0,406.0,390.1,393.5,393.5,0.0,0.0,393.87,56500.0,408.0,22253733.9,240,-14.5,15.9,-3.55,4.08,-0.09,401.93,403.97,452.0,363.0
265,266,SBID89,-,1146.6,1146.6,1146.6,1146.6,1146.6,0.0,0.0,1146.6,25.0,1146.6,28665.0,1,0.0,0.0,0.0,0.0,0.0,1121.17,1099.79,1266.0,1049.0
266,267,SBL,-,388.1,401.8,377.0,379.0,379.0,0.0,0.0,382.32,350867.0,394.0,134143170.9,533,-15.0,24.8,-3.81,6.58,-0.88,369.2,364.12,424.0,261.0
267,268,SBLD2091,-,1052.6,1052.6,1052.6,1052.6,1052.6,0.0,0.0,1052.6,26.0,1055.0,27367.6,1,-2.4,0.0,-0.23,0.0,0.0,0.0,0.0,1150.0,825.35
268,269,SBLD84,-,1090.0,1100.0,1090.0,1100.0,1100.0,0.0,0.0,1097.69,65.0,1086.3,71350.0,2,13.7,10.0,1.26,0.92,0.21,1033.46,981.88,1115.0,1031.3
269,270,SCB,-,650.0,650.0,637.3,640.3,640.3,0.0,0.0,642.53,36523.0,653.5,23467211.9,234,-13.2,12.7,-2.02,1.99,-0.35,639.43,638.87,712.6,594.9
270,271,SDBD87,-,1145.0,1145.0,1145.0,1145.0,1145.0,0.0,0.0,1145.0,25.0,1148.0,28625.0,1,-3.0,0.0,-0.26,0.0,0.0,1103.41,1088.78,1196.2,1045.7
271,272,SEF,-,9.81,9.86,9.72,9.72,9.72,0.0,0.0,9.81,55000.0,10.01,539394.55,19,-0.29,0.14,-2.9,1.44,-0.9,9.51,9.78,11.53,8.6
272,273,SFCL,-,385.0,390.0,377.3,381.9,381.9,0.0,0.0,382.46,17276.0,392.7,6607448.9,130,-10.8,12.7,-2.75,3.37,-0.15,399.47,428.19,565.0,359.4
273,274,SFEF,-,10.0,10.0,9.83,9.88,9.88,0.0,0.0,9.86,3560.0,10.2,35111.6,8,-0.32,0.17,-3.14,1.73,0.17,9.52,9.64,11.12,8.82
274,275,SFMF,-,10.29,10.49,10.29,10.49,10.49,0.0,0.0,10.37,13875.0,10.5,143822.75,7,-0.01,0.2,-0.1,1.94,1.19,10.07,10.28,11.74,9.4
275,276,SGHC,-,406.7,418.0,384.0,387.0,387.0,0.0,0.0,392.46,36394.0,415.0,14283239.3,248,-28.0,34.0,-6.75,8.85,-1.41,386.16,393.25,539.0,296.0
276,277,SGIC,-,480.0,485.0,472.0,472.3,472.3,0.0,0.0,476.55,29692.0,486.0,14149706.7,197,-13.7,13.0,-2.82,2.75,-0.9,483.85,512.54,632.0,439.0
277,278,SHEL,-,322.2,322.2,297.0,297.3,297.3,0.0,0.0,302.08,621810.0,315.9,187839440.7,1546,-18.6,25.2,-5.89,8.48,-1.61,294.97,297.36,361.0,243.0
278,279,SHINE,-,418.0,418.0,398.0,399.0,399.0,0.0,0.0,400.71,68064.0,410.0,27273589.4,368,-11.0,20.0,-2.68,5.03,-0.43,408.74,414.32,499.0,382.0
279,280,SHINED,-,1125.0,1130.0,1125.0,1130.0,1130.0,0.0,0.0,1129.0,125.0,1130.0,141125.0,2,0.0,5.0,0.0,0.44,0.09,0.0,0.0,1200.0,1000.0
280,281,SHIVM,-,661.5,665.0,643.0,646.0,646.0,0.0,0.0,651.68,694509.0,675.0,452596476.6,2632,-29.0,22.0,-4.3,3.42,-0.88,611.21,599.79,730.0,495.0
281,282,SHL,-,492.0,492.0,479.0,479.0,479.0,0.0,0.0,482.91,61854.0,492.0,29870127.5,255,-13.0,13.0,-2.64,2.71,-0.82,506.98,527.84,619.0,464.0
282,283,SHLB,-,1536.0,1555.0,1488.0,1555.0,1555.0,0.0,0.0,1502.79,1903.0,1556.0,2859818.3,44,-1.0,67.0,-0.06,4.5,3.36,1702.81,1784.68,2215.0,1488.0
283,284,SHPC,-,522.0,529.0,500.0,503.0,503.0,0.0,0.0,511.66,174012.0,530.0,89035117.7,702,-27.0,29.0,-5.09,5.8,-1.72,529.81,553.03,684.9,461.0
284,285,SICL,-,635.0,637.0,614.5,623.0,623.0,0.0,0.0,621.24,26034.0,637.0,16173453.0,176,-14.0,22.5,-2.2,3.66,0.28,641.44,680.33,876.9,588.8
285,286,SIFC,-,550.1,561.0,518.6,534.9,534.9,0.0,0.0,538.46,30995.0,561.0,16689433.1,152,-26.1,42.4,-4.65,8.18,-0.66,537.03,535.47,687.4,459.0
286,287,SIGS2,-,10.2,10.37,10.2,10.2,10.2,0.0,0.0,10.29,11830.0,10.17,121768.0,4,0.03,0.17,0.29,1.67,-0.91,9.67,9.91,11.7,8.9
287,288,SIGS3,-,10.2,10.2,10.19,10.19,10.19,0.0,0.0,10.19,300.0,10.35,3058.0,3,-0.16,0.01,-1.55,0.1,-0.03,9.76,9.99,11.46,8.5
288,289,SIKLES,-,600.0,605.0,580.0,585.0,585.0,0.0,0.0,590.32,40995.0,608.0,24199989.5,319,-23.0,25.0,-3.78,4.31,-0.91,630.33,724.1,1177.0,540.0
289,290,SINDU,-,758.0,760.0,706.0,709.0,709.0,0.0,0.0,734.97,49083.0,769.1,36074470.0,388,-60.1,54.0,-7.81,7.65,-3.66,745.49,766.64,1247.0,608.0
290,291,SINDUP,-,418.0,418.0,418.0,418.0,418.0,0.0,0.0,418.0,11149.0,426.0,4660282.0,1,-8.0,0.0,-1.88,0.0,0.0,0.0,0.0,418.0,418.0
291,292,SJCL,-,315.0,321.0,303.1,309.0,309.0,0.0,0.0,307.18,37198.0,321.0,11426665.4,196,-12.0,17.9,-3.74,5.91,0.59,295.99,303.59,365.0,267.0
292,293,SJLIC,-,436.1,438.0,428.1,428.2,428.2,0.0,0.0,431.48,53801.0,443.0,23213873.0,331,-14.8,9.9,-3.34,2.31,-0.77,444.89,443.93,489.9,390.0
293,294,SKBBL,-,772.0,772.0,756.0,756.6,756.6,0.0,0.0,760.26,40004.0,771.9,30413416.8,399,-15.3,16.0,-1.98,2.12,-0.48,824.64,838.87,999.0,752.0
294,295,SKHEL,-,466.7,503.3,466.7,503.3,503.3,0.0,0.0,499.71,250.0,457.6,124927.0,25,45.7,36.6,9.99,7.84,0.71,0.0,0.0,503.3,284.3
295,296,SKHL,-,584.0,642.9,584.0,642.9,642.9,0.0,0.0,641.12,1320.0,584.5,846280.0,132,58.4,58.9,9.99,10.09,0.28,0.0,0.0,642.9,300.0
296,297,SLBBL,-,812.0,817.0,800.0,802.1,802.1,0.0,0.0,805.62,17573.0,823.0,14157081.9,167,-20.9,17.0,-2.54,2.13,-0.44,865.63,898.2,1155.0,780.0
297,298,SLBSL,-,1408.8,1408.8,1299.6,1325.0,1325.0,0.0,0.0,1332.94,5042.0,1384.0,6720668.8,57,-59.0,109.2,-4.26,8.4,-0.6,1350.34,1395.57,1938.0,1234.5
298,299,SLCF,-,9.62,9.89,9.62,9.7,9.7,0.0,0.0,9.73,18670.0,9.8,181669.0,18,-0.1,0.27,-1.02,2.81,-0.31,9.39,9.69,11.99,8.6
299,300,SMATA,-,807.8,807.8,765.1,771.0,771.0,0.0,0.0,774.07,16056.0,792.0,12428396.8,206,-21.0,42.7,-2.65,5.58,-0.4,825.24,858.21,1382.0,734.1
300,301,SMB,-,1835.0,1838.0,1741.0,1838.0,1838.0,0.0,0.0,1781.35,1998.0,1839.9,3559129.4,77,-1.9,97.0,-0.1,5.57,3.08,2008.36,2091.71,2600.0,1710.1
301,302,SMFBS,-,1681.0,1681.0,1646.1,1660.0,1660.0,0.0,0.0,1661.47,4573.0,1703.0,7597895.7,51,-43.0,34.9,-2.52,2.12,-0.09,1679.17,1710.39,2026.0,1490.0
302,303,SMH,-,620.1,620.1,590.0,593.9,593.9,0.0,0.0,597.76,25795.0,608.0,15419287.2,234,-14.1,30.1,-2.32,5.1,-0.65,750.39,790.13,1024.8,590.0
303,304,SMHL,-,501.1,501.1,478.0,482.0,482.0,0.0,0.0,487.6,186737.0,508.0,91053054.6,971,-26.0,23.1,-5.12,4.83,-1.16,655.73,776.44,1230.0,443.0
304,305,SMJC,-,481.0,487.0,465.0,467.0,467.0,0.0,0.0,472.05,51595.0,485.9,24355631.0,360,-18.9,22.0,-3.89,4.73,-1.08,501.79,522.43,679.3,464.0
305,306,SMPDA,-,889.0,889.0,840.0,840.0,840.0,0.0,0.0,853.45,9840.0,871.9,8397914.8,160,-31.9,49.0,-3.66,5.83,-1.6,896.69,923.43,1155.0,840.0
306,307,SNLI,-,455.0,455.0,445.0,445.2,445.2,0.0,0.0,449.63,58741.0,460.1,26411609.8,642,-14.9,10.0,-3.24,2.25,-0.99,474.0,476.99,660.0,411.6
307,308,SOHL,-,660.5,660.5,600.5,603.9,603.9,0.0,0.0,623.83,187035.0,660.5,116677827.7,8848,-56.6,60.0,-8.57,9.99,-3.3,0.0,0.0,777.8,300.0
308,309,SONA,-,436.2,444.0,423.6,425.5,425.5,0.0,0.0,432.57,138532.0,442.0,59924467.1,702,-16.5,20.4,-3.73,4.82,-1.66,432.76,442.42,523.3,398.0
309,310,SPC,-,495.0,495.0,461.0,464.0,464.0,0.0,0.0,470.78,27189.0,489.0,12800030.3,170,-25.0,34.0,-5.11,7.38,-1.46,499.97,508.9,591.0,441.0
310,311,SPDL,-,405.1,410.0,385.1,398.8,398.8,0.0,0.0,396.89,177693.0,411.0,70524638.2,467,-12.2,24.9,-2.97,6.47,0.48,410.45,411.33,474.0,315.0
311,312,SPHL,-,533.0,533.0,508.0,510.0,510.0,0.0,0.0,519.12,8221.0,542.0,4267677.0,72,-32.0,25.0,-5.9,4.92,-1.79,545.22,578.53,826.0,477.1
312,313,SPIL,-,692.0,700.0,680.0,695.0,695.0,0.0,0.0,693.59,12264.0,706.0,8506176.8,80,-11.0,20.0,-1.56,2.94,0.2,713.31,748.55,894.5,625.0
313,314,SPL,-,716.1,717.0,670.4,670.4,670.4,0.0,0.0,686.24,9565.0,726.0,6563873.6,128,-55.6,46.6,-7.66,6.95,-2.36,859.69,867.67,1035.0,670.4
314,315,SRBLD83,-,1045.0,1045.0,1045.0,1045.0,1045.0,0.0,0.0,1045.0,25.0,1042.0,26125.0,1,3.0,0.0,0.29,0.0,0.0,1074.11,1044.81,1126.0,1038.8
315,316,SRLI,-,389.0,395.0,380.3,382.5,382.5,0.0,0.0,384.9,83112.0,396.0,31990104.5,515,-13.5,14.7,-3.41,3.87,-0.63,396.2,400.0,451.1,363.9
316,317,SSHL,-,215.0,215.0,198.0,199.0,199.0,0.0,0.0,203.0,663308.0,214.8,134651654.0,2304,-15.8,17.0,-7.36,8.59,-2.01,181.19,199.15,313.8,151.0
317,318,STC,-,5691.0,5697.0,5610.0,5610.0,5610.0,0.0,0.0,5635.28,2079.0,5731.0,11715751.0,60,-121.0,87.0,-2.11,1.55,-0.45,5504.48,5413.84,6335.9,4832.0
318,319,SWASTIK,-,2670.0,2700.0,2500.0,2500.0,2500.0,0.0,0.0,2579.69,5135.0,2720.0,13246720.8,199,-220.0,200.0,-8.09,8.0,-3.19,0.0,0.0,3400.0,391.7
319,320,SWBBL,-,739.0,739.0,713.1,713.1,713.1,0.0,0.0,723.93,15051.0,750.0,10895944.2,184,-36.9,25.9,-4.92,3.63,-1.52,774.94,808.69,1046.5,713.1
320,321,SWMF,-,668.0,668.0,650.0,659.0,659.0,0.0,0.0,655.5,10645.0,680.8,6977789.6,111,-21.8,18.0,-3.2,2.77,0.53,686.28,705.59,868.1,641.1
321,322,SYPNL,-,1808.1,1830.0,1717.2,1759.0,1759.0,0.0,0.0,1783.45,172225.0,1845.0,307154751.1,2516,-86.0,112.8,-4.66,6.57,-1.39,0.0,0.0,2255.9,319.8
322,323,TAMOR,-,441.2,444.0,431.3,435.0,435.0,0.0,0.0,435.51,136660.0,448.2,59516926.8,441,-13.2,12.7,-2.95,2.94,-0.12,458.15,478.51,576.0,396.4
323,324,TPC,-,384.1,384.1,361.7,369.9,369.9,0.0,0.0,369.08,99513.0,386.0,36727804.0,454,-16.1,22.4,-4.17,6.19,0.22,359.98,367.62,616.0,270.1
324,325,TRH,-,755.0,760.0,740.3,750.0,750.0,0.0,0.0,747.92,8927.0,765.0,6676671.4,62,-15.0,19.7,-1.96,2.66,0.28,753.62,821.4,1086.3,681.1
325,326,TSHL,-,716.9,716.9,640.0,640.0,640.0,0.0,0.0,659.2,9732.0,704.6,6415380.9,147,-64.6,76.9,-9.17,12.02,-3.0,744.48,751.48,989.0,616.8
326,327,TTL,-,850.0,874.0,795.0,797.0,797.0,0.0,0.0,824.05,64190.0,860.0,52895842.3,910,-63.0,79.0,-7.33,9.94,-3.39,826.45,0.0,1262.8,366.1
327,328,TVCL,-,571.4,588.0,546.9,546.9,546.9,0.0,0.0,556.57,25991.0,583.0,14465900.2,100,-36.1,41.1,-6.19,7.52,-1.77,484.11,486.45,689.0,377.6
328,329,UAIL,-,449.0,453.0,441.5,441.5,441.5,0.0,0.0,445.58,33541.0,458.0,14945236.4,244,-16.5,11.5,-3.6,2.6,-0.92,463.45,498.26,659.0,422.1
329,330,UHEWA,-,583.0,583.0,553.0,556.7,556.7,0.0,0.0,559.29,28708.0,575.0,16056182.4,233,-18.3,30.0,-3.18,5.42,-0.47,578.34,579.01,758.0,508.5
330,331,ULBSL,-,3067.4,3189.5,2928.0,2990.0,2990.0,0.0,0.0,2988.88,2356.0,3130.0,7041803.8,52,-140.0,261.5,-4.47,8.93,0.04,3502.42,3495.59,4325.0,2928.0
331,332,ULHC,-,495.9,498.0,470.0,476.0,476.0,0.0,0.0,487.0,139525.0,506.0,67948345.4,130,-30.0,28.0,-5.93,5.96,-2.31,482.63,483.34,599.0,411.7
332,333,UMHL,-,601.0,601.0,581.5,584.0,584.0,0.0,0.0,586.75,135837.0,604.0,79702313.1,401,-20.0,19.5,-3.31,3.35,-0.47,581.14,574.65,706.0,435.0
333,334,UMRH,-,535.1,535.1,512.0,512.4,512.4,0.0,0.0,518.83,38526.0,540.0,19988522.6,261,-27.6,23.1,-5.11,4.51,-1.26,562.41,578.47,675.0,512.0
334,335,UNHPL,-,501.8,513.0,494.0,513.0,513.0,0.0,0.0,505.92,273308.0,512.0,138270988.4,680,1.0,19.0,0.2,3.85,1.38,495.5,466.78,571.0,300.0
335,336,UNL,-,46200.0,47000.0,46200.0,46400.0,46400.0,0.0,0.0,46554.55,77.0,46700.0,3584700.0,8,-300.0,800.0,-0.64,1.73,-0.33,47240.98,47103.41,50724.0,45000.0
336,337,UNLB,-,1632.0,1667.9,1569.0,1570.0,1570.0,0.0,0.0,1598.84,3944.0,1665.0,6305823.0,105,-95.0,98.9,-5.71,6.3,-1.84,1931.01,2019.36,2480.0,1569.0
337,338,UPCL,-,381.0,381.0,363.3,366.0,366.0,0.0,0.0,368.87,301805.0,384.0,111326695.6,839,-18.0,17.7,-4.69,4.87,-0.78,376.85,389.11,489.0,291.0
338,339,UPPER,-,208.0,209.0,198.0,198.6,198.6,0.0,0.0,201.4,528921.0,208.0,106524742.5,2431,-9.4,11.0,-4.52,5.56,-1.41,186.85,190.8,242.6,166.0
339,340,USHEC,-,485.1,485.1,476.0,480.0,480.0,0.0,0.0,479.53,33252.0,495.0,15945189.0,181,-15.0,9.1,-3.03,1.91,0.1,475.36,472.36,619.0,410.0
340,341,USHL,-,685.0,697.0,657.0,657.0,657.0,0.0,0.0,672.33,4703.0,697.0,3161983.0,72,-40.0,40.0,-5.74,6.09,-2.33,757.48,727.14,945.0,588.0
341,342,USLB,-,1392.0,1400.0,1322.0,1330.0,1330.0,0.0,0.0,1357.57,8188.0,1420.0,11115786.3,179,-90.0,78.0,-6.34,5.9,-2.07,1633.68,1783.44,2750.0,1322.0
342,343,VLBS,-,748.1,759.0,735.0,735.1,735.1,0.0,0.0,744.74,10123.0,762.3,7538977.5,401,-27.2,24.0,-3.57,3.27,-1.31,778.71,803.33,1008.0,735.0
343,344,VLUCL,-,530.3,540.0,515.1,518.1,518.1,0.0,0.0,524.99,15411.0,540.0,8090693.5,158,-21.9,24.9,-4.06,4.83,-1.33,570.42,583.07,683.0,515.1
344,345,WNLB,-,1555.0,1555.0,1457.2,1487.1,1487.1,0.0,0.0,1489.2,1524.0,1555.0,2269536.8,70,-67.9,97.8,-4.37,6.71,-0.14,1786.98,1900.91,3562.0,1242.1
